0.000000, 0.000000, 0.000000
0.000000, 0.000000, 0.000000
-0.004000, 0.000000, 0.104720
-0.004000, 0.000000, 0.401426
-0.004000, 0.000000, 0.593412
-0.005000, -0.001000, 0.733038
-0.007000, -0.003000, 0.994838
-0.007000, -0.002000, 1.169371
-0.007000, -0.002000, 1.361357
-0.007000, -0.002000, 1.570796
-0.007000, -0.005000, 1.745329
-0.006000, -0.007000, 1.954769
-0.006000, -0.005000, 2.146755
-0.007000, -0.004000, 2.338741
-0.006000, -0.005000, 2.530727
-0.006000, -0.005000, 2.740167
-0.007000, -0.005000, 2.967060
-0.011000, -0.005000, 3.176499
-0.011000, -0.005000, 3.368485
-0.011000, -0.005000, 3.595378
-0.013000, -0.006000, 3.769911
-0.013000, -0.006000, 3.996804
-0.013000, -0.007000, 4.188790
-0.013000, -0.007000, 4.398230
-0.013000, -0.004000, 4.607669
-0.013000, -0.004000, 4.764749
-0.013000, 0.000000, 4.974188
-0.013000, 0.001000, 5.166175
-0.014000, 0.001000, 5.375614
-0.014000, 0.002000, 5.567600
-0.015000, 0.002000, 5.777040
-0.015000, 0.002000, 5.969026
-0.013000, 0.002000, 6.195919
-0.010000, 0.002000, 0.209440
-0.010000, 0.002000, 0.226893
-0.011000, 0.002000, 0.593412
-0.017000, -0.006000, 1.308997
-0.016000, 0.010000, 1.553343
-0.015000, 0.007000, 1.780236
-0.012000, -0.001000, 2.059489
-0.012000, -0.001000, 2.164208
-0.012000, -0.001000, 2.199115
-0.013000, 0.000000, 2.321288
-0.012000, 0.000000, 2.443461
-0.023000, 0.009000, 2.495821
-0.062000, 0.034000, 2.652900
-0.113000, 0.059000, 2.687807
-0.234000, 0.118000, 2.722714
-0.355000, 0.172000, 2.687807
-0.388000, 0.188000, 2.687807
-0.454000, 0.219000, 2.705260
-0.494000, 0.237000, 2.705260
-0.498000, 0.239000, 2.705260
-0.511000, 0.246000, 2.705260
-0.527000, 0.254000, 2.775074
-0.532000, 0.256000, 2.949606
-0.534000, 0.256000, 3.159046
-0.533000, 0.256000, 3.403392
-0.531000, 0.257000, 3.595378
-0.531000, 0.257000, 3.804818
-0.532000, 0.256000, 3.926991
-0.532000, 0.257000, 4.118977
-0.529000, 0.262000, 4.328417
-0.527000, 0.268000, 4.555309
-0.527000, 0.270000, 4.764749
-0.527000, 0.267000, 4.956735
-0.527000, 0.268000, 5.183628
-0.527000, 0.269000, 5.375614
-0.527000, 0.268000, 5.602507
-0.525000, 0.267000, 5.829400
-0.523000, 0.266000, 6.021386
-0.520000, 0.266000, 6.195919
-0.519000, 0.266000, 0.122173
-0.517000, 0.266000, 0.314159
-0.516000, 0.266000, 0.541052
-0.515000, 0.266000, 0.750492
-0.515000, 0.266000, 0.907571
-0.518000, 0.261000, 1.117011
-0.519000, 0.259000, 1.274090
-0.519000, 0.256000, 1.500983
-0.520000, 0.258000, 1.692969
-0.520000, 0.259000, 1.902409
-0.520000, 0.259000, 2.164208
-0.520000, 0.259000, 2.373648
-0.521000, 0.260000, 2.600541
-0.525000, 0.262000, 2.862340
-0.525000, 0.262000, 2.862340
-0.526000, 0.262000, 2.967060
-0.523000, 0.264000, 3.717551
-0.518000, 0.269000, 4.415683
-0.520000, 0.259000, 4.590216
-0.521000, 0.265000, 4.886922
-0.523000, 0.271000, 5.078908
-0.522000, 0.268000, 5.166175
-0.522000, 0.269000, 5.270894
-0.522000, 0.269000, 5.340708
-0.521000, 0.267000, 5.445427
-0.493000, 0.243000, 5.654867
-0.454000, 0.216000, 5.742133
-0.385000, 0.176000, 5.777040
-0.269000, 0.111000, 5.759587
-0.222000, 0.082000, 5.707227
-0.213000, 0.076000, 5.707227
-0.161000, 0.044000, 5.724680
-0.113000, 0.013000, 5.707227
-0.094000, 0.000000, 5.707227
-0.073000, -0.013000, 5.707227
-0.057000, -0.024000, 5.707227
-0.045000, -0.031000, 5.707227
-0.036000, -0.037000, 5.724680
-0.032000, -0.039000, 5.777040
-0.026000, -0.042000, 5.969026
-0.025000, -0.042000, 6.178466
-0.031000, -0.043000, 0.174533
-0.033000, -0.043000, 0.366519
-0.034000, -0.044000, 0.541052
-0.036000, -0.045000, 0.715585
-0.037000, -0.046000, 0.907571
-0.038000, -0.047000, 1.064651
-0.038000, -0.048000, 1.274090
-0.038000, -0.045000, 1.466077
-0.038000, -0.046000, 1.727876
-0.038000, -0.043000, 1.919862
-0.039000, -0.041000, 2.146755
-0.040000, -0.040000, 2.338741
-0.040000, -0.040000, 2.530727
-0.040000, -0.040000, 2.687807
-0.040000, -0.040000, 2.914700
-0.042000, -0.040000, 3.106686
-0.044000, -0.040000, 3.368485
-0.043000, -0.040000, 3.577925
-0.039000, -0.038000, 3.769911
-0.039000, -0.037000, 3.926991
-0.039000, -0.036000, 4.136430
-0.038000, -0.035000, 4.293510
-0.038000, -0.036000, 4.502949
-0.038000, -0.036000, 4.694936
-0.038000, -0.037000, 4.974188
-0.038000, -0.037000, 5.166175
-0.037000, -0.039000, 5.375614
-0.037000, -0.040000, 5.567600
-0.038000, -0.039000, 5.916666
-0.037000, -0.039000, 5.899213
-0.032000, -0.042000, 5.567600
-0.037000, -0.033000, 4.694936
-0.045000, -0.054000, 4.241150
-0.047000, -0.056000, 3.979351
-0.034000, -0.045000, 3.612832
-0.034000, -0.044000, 3.438299
-0.042000, -0.046000, 3.211406
-0.042000, -0.046000, 3.159046
-0.042000, -0.046000, 3.071779
-0.045000, -0.046000, 2.984513
-0.060000, -0.043000, 2.897247
-0.076000, -0.037000, 2.827433
-0.107000, -0.026000, 2.757620
-0.136000, -0.014000, 2.722714
-0.170000, 0.000000, 2.705260
-0.221000, 0.024000, 2.705260
-0.259000, 0.041000, 2.705260
-0.273000, 0.049000, 2.705260
-0.291000, 0.060000, 2.687807
-0.313000, 0.072000, 2.687807
-0.335000, 0.084000, 2.670354
-0.351000, 0.093000, 2.670354
-0.351000, 0.094000, 2.670354
-0.353000, 0.094000, 2.670354
-0.360000, 0.098000, 2.809980
-0.370000, 0.100000, 2.984513
-0.373000, 0.101000, 3.246312
-0.368000, 0.102000, 3.438299
-0.366000, 0.102000, 3.630285
-0.367000, 0.102000, 3.857178
-0.370000, 0.099000, 4.084070
-0.371000, 0.098000, 4.241150
-0.371000, 0.099000, 4.450590
-0.370000, 0.101000, 4.642576
-0.370000, 0.104000, 4.852015
-0.370000, 0.107000, 5.044002
-0.371000, 0.108000, 5.235988
-0.370000, 0.107000, 5.445427
-0.369000, 0.106000, 5.619960
-0.371000, 0.106000, 5.846853
-0.373000, 0.107000, 6.056293
-0.368000, 0.107000, 6.265732
-0.368000, 0.107000, 0.209440
-0.369000, 0.107000, 0.383972
-0.370000, 0.107000, 0.593412
-0.369000, 0.107000, 0.802851
-0.368000, 0.108000, 1.064651
-0.368000, 0.107000, 1.221730
-0.368000, 0.107000, 1.396263
-0.368000, 0.104000, 1.588250
-0.368000, 0.101000, 1.762783
-0.368000, 0.100000, 1.954769
-0.368000, 0.100000, 2.181662
-0.368000, 0.099000, 2.391101
-0.367000, 0.098000, 2.617994
-0.372000, 0.100000, 2.879793
-0.374000, 0.100000, 2.862340
-0.382000, 0.103000, 2.757620
-0.386000, 0.105000, 2.513274
-0.381000, 0.101000, 2.338741
-0.386000, 0.107000, 2.181662
-0.386000, 0.107000, 2.111848
-0.385000, 0.105000, 1.989675
-0.385000, 0.105000, 1.919862
-0.387000, 0.113000, 1.884956
-0.390000, 0.121000, 1.832596
-0.390000, 0.124000, 1.815142
-0.391000, 0.126000, 1.797689
-0.392000, 0.132000, 1.780236
-0.393000, 0.135000, 1.762783
-0.394000, 0.140000, 1.745329
-0.394000, 0.144000, 1.710423
-0.395000, 0.149000, 1.692969
-0.396000, 0.154000, 1.658063
-0.396000, 0.160000, 1.640609
-0.396000, 0.168000, 1.605703
-0.397000, 0.186000, 1.605703
-0.398000, 0.197000, 1.675516
-0.398000, 0.199000, 1.815142
-0.399000, 0.200000, 2.007129
-0.399000, 0.201000, 2.234021
-0.399000, 0.200000, 2.426008
-0.399000, 0.200000, 2.635447
-0.401000, 0.201000, 2.879793
-0.403000, 0.201000, 3.054326
-0.404000, 0.201000, 3.281219
-0.407000, 0.201000, 3.473205
-0.409000, 0.201000, 3.630285
-0.408000, 0.201000, 3.892084
-0.407000, 0.202000, 4.031711
-0.406000, 0.204000, 4.258603
-0.405000, 0.206000, 4.450590
-0.405000, 0.206000, 4.694936
-0.405000, 0.207000, 4.852015
-0.405000, 0.205000, 5.044002
-0.405000, 0.205000, 5.253441
-0.405000, 0.206000, 5.532694
-0.405000, 0.206000, 5.707227
-0.405000, 0.206000, 5.934119
-0.404000, 0.206000, 6.126106
-0.403000, 0.206000, 0.122173
-0.402000, 0.206000, 0.279253
-0.401000, 0.206000, 0.453786
-0.402000, 0.206000, 0.680678
-0.403000, 0.205000, 0.837758
-0.405000, 0.202000, 1.029744
-0.405000, 0.201000, 1.221730
-0.406000, 0.200000, 1.413717
-0.406000, 0.198000, 1.745329
-0.406000, 0.198000, 1.745329
-0.407000, 0.207000, 1.762783
-0.410000, 0.219000, 1.797689
-0.414000, 0.232000, 1.850049
-0.420000, 0.246000, 1.884956
-0.427000, 0.263000, 1.902409
-0.430000, 0.271000, 1.902409
-0.430000, 0.272000, 1.884956
-0.432000, 0.279000, 1.867502
-0.434000, 0.284000, 1.919862
-0.439000, 0.295000, 2.164208
-0.441000, 0.298000, 2.321288
-0.440000, 0.297000, 2.513274
-0.438000, 0.296000, 2.740167
-0.438000, 0.296000, 2.967060
-0.439000, 0.296000, 3.159046
-0.437000, 0.296000, 3.351032
-0.436000, 0.296000, 3.525565
-0.434000, 0.297000, 3.769911
-0.434000, 0.297000, 3.944444
-0.433000, 0.298000, 4.136430
-0.432000, 0.300000, 4.345870
-0.432000, 0.300000, 4.537856
-0.432000, 0.301000, 4.764749
-0.432000, 0.299000, 4.956735
-0.432000, 0.299000, 5.166175
-0.431000, 0.299000, 5.393067
-0.430000, 0.297000, 5.602507
-0.428000, 0.296000, 5.811946
-0.428000, 0.296000, 6.003933
-0.427000, 0.296000, 6.178466
-0.428000, 0.296000, 0.104720
-0.429000, 0.296000, 0.261799
-0.432000, 0.294000, 0.488692
-0.432000, 0.294000, 0.733038
-0.432000, 0.294000, 0.872665
-0.433000, 0.292000, 1.082104
-0.433000, 0.291000, 1.274090
-0.434000, 0.290000, 1.466077
-0.434000, 0.291000, 1.692969
-0.435000, 0.294000, 2.059489
-0.435000, 0.295000, 2.042035
-0.437000, 0.298000, 1.675516
-0.440000, 0.285000, 0.942478
-0.424000, 0.299000, 0.628319
-0.425000, 0.300000, 0.366519
-0.436000, 0.297000, 0.000000
-0.433000, 0.296000, 6.178466
-0.428000, 0.296000, 6.073746
-0.428000, 0.296000, 5.986479
-0.428000, 0.296000, 5.881760
-0.428000, 0.296000, 5.794493
-0.405000, 0.282000, 5.707227
-0.366000, 0.254000, 5.619960
-0.344000, 0.236000, 5.602507
-0.301000, 0.201000, 5.567600
-0.264000, 0.167000, 5.532694
-0.232000, 0.136000, 5.532694
-0.196000, 0.102000, 5.497787
-0.165000, 0.072000, 5.497787
-0.130000, 0.035000, 5.480334
-0.098000, 0.002000, 5.480334
-0.061000, -0.036000, 5.480334
-0.033000, -0.066000, 5.480334
-0.025000, -0.074000, 5.480334
-0.018000, -0.081000, 5.550147
-0.009000, -0.088000, 5.742133
-0.005000, -0.090000, 5.969026
-0.016000, -0.089000, 6.213372
-0.021000, -0.089000, 0.104720
-0.025000, -0.089000, 0.296706
-0.023000, -0.088000, 0.488692
-0.024000, -0.089000, 0.680678
-0.025000, -0.090000, 0.872665
-0.024000, -0.088000, 1.082104
-0.024000, -0.089000, 1.308997
-0.024000, -0.085000, 1.518436
-0.024000, -0.084000, 1.710423
-0.024000, -0.083000, 1.919862
-0.024000, -0.080000, 2.129302
-0.024000, -0.080000, 2.338741
-0.025000, -0.079000, 2.513274
-0.025000, -0.079000, 2.722714
-0.024000, -0.079000, 2.932153
-0.021000, -0.080000, 3.106686
-0.019000, -0.080000, 3.298672
-0.018000, -0.080000, 3.525565
-0.019000, -0.080000, 3.717551
-0.019000, -0.080000, 3.926991
-0.020000, -0.081000, 4.101524
-0.020000, -0.081000, 4.310963
-0.020000, -0.083000, 4.555309
-0.020000, -0.084000, 4.747296
-0.020000, -0.084000, 4.939282
-0.020000, -0.085000, 5.148721
-0.020000, -0.085000, 5.358161
-0.020000, -0.085000, 5.689773
-0.020000, -0.085000, 5.689773
-0.020000, -0.085000, 5.637413
-0.019000, -0.086000, 5.305801
-0.020000, -0.085000, 4.974188
-0.019000, -0.090000, 4.869469
-0.019000, -0.090000, 4.677482
-0.019000, -0.093000, 4.555309
-0.019000, -0.094000, 4.468043
-0.019000, -0.094000, 4.380776
-0.025000, -0.107000, 4.293510
-0.036000, -0.130000, 4.171337
-0.052000, -0.157000, 4.136430
-0.086000, -0.205000, 4.084070
-0.125000, -0.257000, 4.049164
-0.163000, -0.307000, 4.049164
-0.214000, -0.377000, 4.066617
-0.252000, -0.430000, 4.066617
-0.257000, -0.436000, 4.066617
-0.268000, -0.449000, 4.049164
-0.283000, -0.467000, 4.031711
-0.289000, -0.475000, 4.031711
-0.301000, -0.488000, 4.031711
-0.313000, -0.500000, 4.014257
-0.322000, -0.510000, 4.014257
-0.331000, -0.521000, 3.996804
-0.334000, -0.524000, 4.031711
-0.338000, -0.530000, 4.188790
-0.342000, -0.538000, 4.415683
-0.342000, -0.535000, 4.642576
-0.342000, -0.530000, 4.834562
-0.342000, -0.530000, 5.096361
-0.342000, -0.530000, 5.235988
-0.342000, -0.530000, 5.410521
-0.342000, -0.530000, 5.637413
-0.342000, -0.530000, 5.864306
-0.344000, -0.529000, 6.073746
-0.348000, -0.529000, 6.265732
-0.349000, -0.529000, 0.191986
-0.349000, -0.528000, 0.401426
-0.349000, -0.528000, 0.558505
-0.349000, -0.528000, 0.785398
-0.348000, -0.527000, 0.959931
-0.345000, -0.521000, 1.186824
-0.344000, -0.519000, 1.413717
-0.344000, -0.520000, 1.588250
-0.344000, -0.521000, 1.815142
-0.344000, -0.520000, 2.024582
-0.346000, -0.517000, 2.199115
-0.346000, -0.517000, 2.408554
-0.345000, -0.518000, 2.600541
-0.342000, -0.519000, 2.809980
-0.340000, -0.520000, 3.019420
-0.339000, -0.520000, 3.193953
-0.339000, -0.520000, 3.420845
-0.338000, -0.520000, 3.595378
-0.338000, -0.520000, 3.787364
-0.336000, -0.519000, 3.996804
-0.339000, -0.522000, 4.188790
-0.349000, -0.539000, 4.188790
-0.401000, -0.642000, 4.276057
-0.438000, -0.723000, 4.188790
-0.441000, -0.728000, 4.188790
-0.460000, -0.761000, 4.188790
-0.487000, -0.805000, 4.153884
-0.506000, -0.837000, 4.118977
-0.524000, -0.862000, 4.101524
-0.545000, -0.892000, 4.084070
-0.574000, -0.933000, 4.084070
-0.600000, -0.969000, 4.101524
-0.611000, -0.983000, 4.101524
-0.628000, -1.009000, 4.118977
-0.640000, -1.027000, 4.136430
-0.641000, -1.029000, 4.171337
-0.642000, -1.031000, 4.328417
-0.644000, -1.039000, 4.537856
-0.644000, -1.038000, 4.712389
-0.645000, -1.035000, 4.939282
-0.645000, -1.034000, 5.131268
-0.646000, -1.031000, 5.288348
-0.649000, -1.028000, 5.497787
-0.651000, -1.027000, 5.742133
-0.651000, -1.026000, 5.916666
-0.651000, -1.026000, 6.091199
-0.650000, -1.026000, 0.017453
-0.651000, -1.026000, 0.226893
-0.650000, -1.026000, 0.418879
-0.649000, -1.025000, 0.645772
-0.648000, -1.024000, 0.837758
-0.646000, -1.021000, 1.117011
-0.645000, -1.020000, 1.256637
-0.644000, -1.016000, 1.431170
-0.644000, -1.014000, 1.658063
-0.644000, -1.015000, 1.902409
-0.643000, -1.016000, 2.042035
-0.641000, -1.019000, 2.251475
-0.641000, -1.020000, 2.408554
-0.640000, -1.020000, 2.705260
-0.640000, -1.020000, 2.897247
-0.636000, -1.021000, 3.071779
-0.634000, -1.021000, 3.316126
-0.635000, -1.021000, 3.508112
-0.639000, -1.023000, 3.665191
-0.639000, -1.023000, 3.892084
-0.639000, -1.023000, 4.084070
-0.640000, -1.028000, 4.310963
-0.640000, -1.028000, 4.380776
-0.641000, -1.031000, 4.555309
-0.641000, -1.031000, 4.694936
-0.641000, -1.030000, 4.764749
-0.641000, -1.037000, 4.852015
-0.634000, -1.064000, 4.991642
-0.624000, -1.093000, 5.061455
-0.603000, -1.145000, 5.113815
-0.574000, -1.208000, 5.131268
-0.547000, -1.266000, 5.131268
-0.517000, -1.331000, 5.148721
-0.494000, -1.380000, 5.131268
-0.474000, -1.426000, 5.131268
-0.459000, -1.459000, 5.113815
-0.451000, -1.475000, 5.113815
-0.445000, -1.487000, 5.131268
-0.436000, -1.503000, 5.131268
-0.428000, -1.518000, 5.131268
-0.423000, -1.528000, 5.148721
-0.418000, -1.540000, 5.148721
-0.412000, -1.552000, 5.148721
-0.410000, -1.556000, 5.148721
-0.406000, -1.564000, 5.201081
-0.401000, -1.572000, 5.375614
-0.403000, -1.571000, 5.602507
-0.410000, -1.566000, 5.811946
-0.412000, -1.566000, 6.003933
-0.411000, -1.566000, 6.213372
-0.410000, -1.566000, 0.157080
-0.410000, -1.566000, 0.331613
-0.410000, -1.566000, 0.523599
-0.409000, -1.565000, 0.733038
-0.408000, -1.564000, 0.994838
-0.407000, -1.562000, 1.186824
-0.407000, -1.562000, 1.396263
-0.407000, -1.562000, 1.570796
-0.407000, -1.563000, 1.762783
-0.407000, -1.564000, 1.902409
-0.406000, -1.566000, 2.111848
-0.406000, -1.567000, 2.303835
-0.405000, -1.568000, 2.548181
-0.404000, -1.568000, 2.740167
-0.404000, -1.568000, 2.967060
-0.405000, -1.568000, 3.141593
-0.408000, -1.568000, 3.368485
-0.409000, -1.569000, 3.525565
-0.411000, -1.569000, 3.735005
-0.412000, -1.571000, 3.961897
-0.413000, -1.572000, 4.188790
-0.413000, -1.573000, 4.380776
-0.413000, -1.573000, 4.590216
-0.413000, -1.573000, 4.764749
-0.413000, -1.573000, 4.974188
-0.414000, -1.571000, 5.148721
-0.415000, -1.570000, 5.375614
-0.415000, -1.569000, 5.410521
-0.416000, -1.569000, 5.497787
-0.416000, -1.569000, 5.602507
-0.388000, -1.586000, 5.759587
-0.360000, -1.600000, 5.846853
-0.313000, -1.621000, 5.899213
-0.224000, -1.655000, 5.934119
-0.113000, -1.696000, 5.899213
-0.100000, -1.703000, 5.881760
-0.058000, -1.720000, 5.899213
-0.010000, -1.740000, 5.899213
0.000000, -1.745000, 5.881760
0.023000, -1.755000, 5.881760
0.051000, -1.767000, 5.881760
0.060000, -1.772000, 5.881760
0.080000, -1.782000, 5.864306
0.095000, -1.790000, 5.846853
0.110000, -1.799000, 5.846853
0.116000, -1.802000, 5.916666
0.120000, -1.803000, 6.126106
0.122000, -1.803000, 0.087266
0.117000, -1.804000, 0.296706
0.116000, -1.804000, 0.488692
0.116000, -1.804000, 0.715585
0.116000, -1.804000, 0.907571
0.116000, -1.805000, 1.082104
0.116000, -1.807000, 1.274090
0.115000, -1.809000, 1.466077
0.115000, -1.812000, 1.675516
0.114000, -1.809000, 1.867502
0.114000, -1.808000, 2.059489
0.114000, -1.809000, 2.286381
0.114000, -1.809000, 2.460914
0.111000, -1.807000, 2.670354
0.109000, -1.806000, 2.879793
0.107000, -1.806000, 3.071779
0.107000, -1.806000, 3.298672
0.104000, -1.806000, 3.490659
0.104000, -1.806000, 3.717551
0.104000, -1.806000, 3.926991
0.104000, -1.806000, 4.118977
0.105000, -1.805000, 4.293510
0.105000, -1.804000, 4.485496
0.105000, -1.801000, 4.677482
0.105000, -1.800000, 4.921828
0.106000, -1.801000, 5.078908
0.106000, -1.801000, 5.305801
0.106000, -1.801000, 5.515240
0.106000, -1.801000, 5.689773
0.106000, -1.801000, 6.021386
0.106000, -1.801000, 6.038839
0.107000, -1.801000, 6.230825
0.106000, -1.801000, 0.069813
0.113000, -1.800000, 0.122173
0.141000, -1.794000, 0.279253
0.165000, -1.784000, 0.366519
0.200000, -1.769000, 0.418879
0.252000, -1.744000, 0.436332
0.305000, -1.717000, 0.471239
0.368000, -1.685000, 0.471239
0.424000, -1.655000, 0.471239
0.475000, -1.628000, 0.488692
0.521000, -1.604000, 0.488692
0.552000, -1.589000, 0.488692
0.571000, -1.577000, 0.488692
0.595000, -1.563000, 0.471239
0.599000, -1.561000, 0.471239
0.604000, -1.558000, 0.471239
0.612000, -1.554000, 0.471239
0.620000, -1.549000, 0.558505
0.629000, -1.543000, 0.733038
0.627000, -1.545000, 0.907571
0.621000, -1.555000, 1.169371
0.620000, -1.559000, 1.396263
0.620000, -1.557000, 1.553343
0.620000, -1.559000, 1.745329
0.620000, -1.559000, 1.954769
0.619000, -1.557000, 2.129302
0.618000, -1.555000, 2.356194
0.618000, -1.555000, 2.548181
0.618000, -1.555000, 2.740167
0.615000, -1.555000, 3.036873
0.612000, -1.555000, 3.159046
0.611000, -1.555000, 3.385939
0.611000, -1.555000, 3.577925
0.611000, -1.555000, 3.769911
0.612000, -1.553000, 3.979351
0.613000, -1.552000, 4.136430
0.613000, -1.553000, 4.345870
0.613000, -1.551000, 4.607669
0.613000, -1.551000, 4.729842
0.613000, -1.550000, 4.974188
0.614000, -1.551000, 5.148721
0.615000, -1.552000, 5.375614
0.617000, -1.555000, 5.602507
0.618000, -1.555000, 5.777040
0.618000, -1.555000, 6.003933
0.618000, -1.555000, 6.248279
0.620000, -1.555000, 0.104720
0.619000, -1.555000, 0.331613
0.617000, -1.557000, 0.645772
0.617000, -1.557000, 0.645772
0.641000, -1.539000, 0.663225
0.696000, -1.489000, 0.767945
0.757000, -1.429000, 0.802851
0.838000, -1.338000, 0.837758
0.870000, -1.305000, 0.733038
0.881000, -1.296000, 0.750492
0.926000, -1.255000, 0.733038
0.960000, -1.224000, 0.733038
0.970000, -1.215000, 0.733038
0.983000, -1.203000, 0.715585
0.996000, -1.191000, 0.715585
1.008000, -1.180000, 0.715585
1.016000, -1.173000, 0.698132
1.023000, -1.168000, 0.715585
1.030000, -1.161000, 0.837758
1.032000, -1.158000, 0.994838
1.029000, -1.165000, 1.221730
1.028000, -1.171000, 1.431170
1.028000, -1.172000, 1.640609
1.027000, -1.170000, 1.832596
1.027000, -1.169000, 2.059489
1.025000, -1.166000, 2.216568
1.024000, -1.165000, 2.443461
1.023000, -1.164000, 2.652900
1.022000, -1.164000, 2.844887
1.021000, -1.164000, 3.071779
1.021000, -1.164000, 3.263766
1.021000, -1.164000, 3.438299
1.024000, -1.163000, 3.647738
1.025000, -1.162000, 3.804818
1.025000, -1.162000, 4.031711
1.025000, -1.161000, 4.241150
1.025000, -1.161000, 4.433136
1.025000, -1.161000, 4.642576
1.025000, -1.162000, 4.834562
1.025000, -1.163000, 5.061455
1.027000, -1.165000, 5.270894
1.029000, -1.169000, 5.462881
1.030000, -1.170000, 5.689773
1.030000, -1.170000, 5.899213
1.030000, -1.170000, 6.091199
1.030000, -1.170000, 0.069813
1.030000, -1.170000, 0.191986
1.026000, -1.171000, 0.383972
1.021000, -1.173000, 0.575959
1.019000, -1.175000, 0.872665
1.019000, -1.175000, 0.872665
1.036000, -1.155000, 0.855211
1.082000, -1.102000, 0.855211
1.097000, -1.085000, 0.820305
1.113000, -1.069000, 0.785398
1.144000, -1.038000, 0.733038
1.179000, -1.008000, 0.680678
1.199000, -0.993000, 0.663225
1.233000, -0.966000, 0.628319
1.264000, -0.944000, 0.610865
1.306000, -0.915000, 0.593412
1.339000, -0.892000, 0.593412
1.366000, -0.875000, 0.593412
1.381000, -0.863000, 0.593412
1.399000, -0.851000, 0.575959
1.412000, -0.842000, 0.575959
1.425000, -0.832000, 0.558505
1.437000, -0.825000, 0.541052
1.452000, -0.816000, 0.523599
1.463000, -0.809000, 0.523599
1.476000, -0.801000, 0.558505
1.481000, -0.797000, 0.680678
1.480000, -0.798000, 0.855211
1.479000, -0.799000, 1.064651
1.475000, -0.808000, 1.291544
1.475000, -0.806000, 1.466077
1.475000, -0.803000, 1.745329
1.475000, -0.803000, 1.954769
1.475000, -0.802000, 2.164208
1.475000, -0.802000, 2.391101
1.473000, -0.801000, 2.565634
1.473000, -0.801000, 2.705260
1.474000, -0.801000, 2.932153
1.478000, -0.801000, 3.089233
1.481000, -0.801000, 3.333579
1.482000, -0.801000, 3.525565
1.481000, -0.801000, 3.735005
1.484000, -0.799000, 3.926991
1.483000, -0.800000, 4.136430
1.483000, -0.800000, 4.293510
1.483000, -0.800000, 4.485496
1.483000, -0.804000, 4.694936
1.483000, -0.805000, 4.956735
1.483000, -0.807000, 5.183628
1.484000, -0.808000, 5.393067
1.486000, -0.809000, 5.585054
1.488000, -0.811000, 5.759587
1.489000, -0.811000, 5.916666
1.488000, -0.811000, 6.108652
1.485000, -0.811000, 0.000000
1.480000, -0.811000, 0.279253
1.483000, -0.811000, 0.453786
1.482000, -0.811000, 0.733038
1.482000, -0.811000, 0.733038
1.527000, -0.767000, 0.837758
1.567000, -0.719000, 0.855211
1.580000, -0.706000, 0.785398
1.589000, -0.696000, 0.767945
1.629000, -0.660000, 0.663225
1.662000, -0.635000, 0.610865
1.693000, -0.613000, 0.628319
1.743000, -0.577000, 0.610865
1.778000, -0.553000, 0.610865
1.788000, -0.544000, 0.610865
1.808000, -0.530000, 0.610865
1.831000, -0.515000, 0.593412
1.851000, -0.500000, 0.575959
1.867000, -0.488000, 0.541052
1.879000, -0.480000, 0.541052
1.891000, -0.471000, 0.523599
1.907000, -0.460000, 0.523599
1.914000, -0.456000, 0.523599
1.917000, -0.453000, 0.593412
1.922000, -0.450000, 0.750492
1.922000, -0.450000, 1.047198
1.921000, -0.452000, 1.256637
1.921000, -0.453000, 1.448623
1.921000, -0.454000, 1.692969
1.920000, -0.451000, 1.884956
1.919000, -0.449000, 2.024582
1.919000, -0.448000, 2.251475
1.919000, -0.449000, 2.443461
1.922000, -0.450000, 2.705260
1.924000, -0.451000, 2.897247
1.926000, -0.451000, 3.089233
1.926000, -0.451000, 3.281219
1.926000, -0.451000, 3.490659
1.928000, -0.451000, 3.630285
1.929000, -0.450000, 3.822271
1.930000, -0.449000, 4.031711
1.928000, -0.454000, 4.293510
1.927000, -0.455000, 4.520403
1.927000, -0.454000, 4.729842
1.927000, -0.453000, 4.939282
1.927000, -0.452000, 5.131268
1.927000, -0.453000, 5.323254
1.927000, -0.453000, 5.515240
1.927000, -0.453000, 5.724680
1.927000, -0.453000, 5.881760
1.926000, -0.453000, 6.091199
1.925000, -0.453000, 0.034907
1.924000, -0.453000, 0.209440
1.925000, -0.453000, 0.383972
1.929000, -0.451000, 0.663225
1.929000, -0.451000, 0.663225
1.929000, -0.451000, 0.663225
1.929000, -0.451000, 0.767945
1.929000, -0.451000, 0.872665
1.930000, -0.449000, 0.977384
1.941000, -0.432000, 1.117011
1.954000, -0.394000, 1.256637
1.969000, -0.336000, 1.326450
1.993000, -0.231000, 1.361357
2.017000, -0.128000, 1.308997
2.018000, -0.126000, 1.291544
2.023000, -0.111000, 1.291544
2.035000, -0.071000, 1.274090
2.044000, -0.044000, 1.256637
2.050000, -0.030000, 1.256637
2.061000, 0.000000, 1.239184
2.072000, 0.029000, 1.239184
2.082000, 0.054000, 1.239184
2.092000, 0.078000, 1.239184
2.099000, 0.095000, 1.239184
2.103000, 0.107000, 1.239184
2.109000, 0.119000, 1.291544
2.112000, 0.131000, 1.431170
2.112000, 0.136000, 1.605703
2.114000, 0.128000, 1.815142
2.116000, 0.121000, 2.007129
2.117000, 0.119000, 2.181662
2.120000, 0.117000, 2.391101
2.121000, 0.115000, 2.600541
2.123000, 0.115000, 2.827433
2.124000, 0.115000, 3.001966
2.119000, 0.115000, 3.211406
2.120000, 0.115000, 3.403392
2.120000, 0.115000, 3.630285
2.119000, 0.114000, 3.839724
2.118000, 0.113000, 4.031711
2.116000, 0.110000, 4.206243
2.116000, 0.109000, 4.450590
2.115000, 0.106000, 4.642576
2.115000, 0.106000, 4.834562
2.114000, 0.108000, 5.044002
2.113000, 0.110000, 5.201081
2.112000, 0.113000, 5.393067
2.113000, 0.112000, 5.619960
2.109000, 0.114000, 5.829400
2.108000, 0.114000, 6.021386
2.109000, 0.114000, 6.213372
2.111000, 0.114000, 0.139626
2.112000, 0.114000, 0.349066
2.113000, 0.115000, 0.558505
2.113000, 0.115000, 0.767945
2.115000, 0.118000, 0.959931
2.116000, 0.119000, 1.169371
2.117000, 0.122000, 1.431170
2.117000, 0.122000, 1.431170
2.117000, 0.123000, 1.448623
2.117000, 0.124000, 1.570796
2.117000, 0.121000, 1.710423
2.115000, 0.137000, 1.780236
2.104000, 0.179000, 1.867502
2.088000, 0.226000, 1.937315
2.067000, 0.281000, 1.972222
2.034000, 0.359000, 1.972222
1.994000, 0.453000, 1.972222
1.970000, 0.509000, 1.954769
1.958000, 0.538000, 1.954769
1.942000, 0.578000, 1.954769
1.935000, 0.594000, 1.954769
1.931000, 0.602000, 1.954769
1.922000, 0.619000, 1.972222
1.917000, 0.630000, 1.972222
1.909000, 0.644000, 1.989675
1.901000, 0.659000, 1.989675
1.898000, 0.666000, 2.007129
1.895000, 0.672000, 2.111848
1.892000, 0.676000, 2.286381
1.896000, 0.672000, 2.495821
1.899000, 0.670000, 2.722714
1.897000, 0.671000, 2.879793
1.892000, 0.671000, 3.106686
1.892000, 0.672000, 3.333579
1.891000, 0.672000, 3.508112
1.891000, 0.672000, 3.804818
1.891000, 0.672000, 3.979351
1.890000, 0.671000, 4.136430
1.890000, 0.671000, 4.345870
1.890000, 0.671000, 4.590216
1.890000, 0.673000, 4.764749
1.890000, 0.674000, 4.974188
1.890000, 0.676000, 5.183628
1.890000, 0.676000, 5.375614
1.890000, 0.676000, 5.567600
1.890000, 0.676000, 5.777040
1.890000, 0.676000, 5.986479
1.889000, 0.676000, 6.213372
1.887000, 0.676000, 0.139626
1.888000, 0.676000, 0.296706
1.890000, 0.677000, 0.541052
1.890000, 0.677000, 0.750492
1.891000, 0.678000, 0.942478
1.891000, 0.678000, 1.169371
1.891000, 0.677000, 1.343904
1.891000, 0.675000, 1.500983
1.891000, 0.675000, 1.692969
1.891000, 0.674000, 1.902409
1.891000, 0.673000, 2.234021
1.891000, 0.673000, 2.251475
1.883000, 0.684000, 2.268928
1.844000, 0.730000, 2.303835
1.813000, 0.765000, 2.268928
1.804000, 0.775000, 2.234021
1.791000, 0.793000, 2.199115
1.768000, 0.825000, 2.146755
1.749000, 0.858000, 2.094395
1.732000, 0.890000, 2.059489
1.715000, 0.925000, 2.024582
1.696000, 0.964000, 2.007129
1.677000, 1.007000, 1.989675
1.652000, 1.064000, 1.972222
1.627000, 1.122000, 1.954769
1.626000, 1.124000, 1.954769
1.626000, 1.125000, 1.972222
1.624000, 1.130000, 1.972222
1.622000, 1.134000, 1.972222
1.618000, 1.144000, 1.972222
1.616000, 1.148000, 1.972222
1.614000, 1.153000, 1.989675
1.612000, 1.158000, 1.989675
1.608000, 1.166000, 2.076942
1.603000, 1.172000, 2.286381
1.608000, 1.168000, 2.495821
1.611000, 1.166000, 2.705260
1.611000, 1.166000, 2.897247
1.608000, 1.166000, 3.124139
1.606000, 1.166000, 3.333579
1.605000, 1.166000, 3.560472
1.603000, 1.165000, 3.735005
1.601000, 1.163000, 3.926991
1.601000, 1.163000, 4.118977
1.601000, 1.164000, 4.293510
1.602000, 1.167000, 4.502949
1.602000, 1.165000, 4.677482
1.602000, 1.163000, 4.921828
1.602000, 1.166000, 5.113815
1.602000, 1.165000, 5.288348
1.602000, 1.165000, 5.515240
1.602000, 1.165000, 5.742133
1.603000, 1.165000, 5.916666
1.604000, 1.164000, 6.161012
1.604000, 1.164000, 0.104720
1.604000, 1.164000, 0.314159
1.606000, 1.165000, 0.488692
1.607000, 1.165000, 0.663225
1.606000, 1.164000, 0.872665
1.604000, 1.162000, 1.047198
1.603000, 1.158000, 1.256637
1.602000, 1.154000, 1.448623
1.602000, 1.156000, 1.640609
1.602000, 1.155000, 1.850049
1.602000, 1.153000, 2.129302
1.602000, 1.153000, 2.146755
1.591000, 1.170000, 2.181662
1.514000, 1.258000, 2.373648
1.453000, 1.325000, 2.199115
1.450000, 1.328000, 2.181662
1.441000, 1.339000, 2.164208
1.421000, 1.370000, 2.129302
1.402000, 1.401000, 2.094395
1.391000, 1.417000, 2.076942
1.379000, 1.442000, 2.059489
1.366000, 1.464000, 2.042035
1.358000, 1.476000, 2.024582
1.347000, 1.496000, 2.007129
1.335000, 1.518000, 1.989675
1.328000, 1.532000, 1.972222
1.323000, 1.544000, 1.972222
1.318000, 1.556000, 1.954769
1.311000, 1.569000, 1.919862
1.306000, 1.581000, 1.902409
1.301000, 1.594000, 1.867502
1.295000, 1.607000, 1.850049
1.292000, 1.617000, 1.919862
1.290000, 1.621000, 2.042035
1.290000, 1.621000, 2.251475
1.291000, 1.620000, 2.478368
1.291000, 1.620000, 2.705260
1.291000, 1.620000, 2.914700
1.289000, 1.620000, 3.124139
1.288000, 1.620000, 3.333579
1.288000, 1.620000, 3.508112
1.288000, 1.620000, 3.700098
1.289000, 1.620000, 3.857178
1.291000, 1.623000, 4.084070
1.293000, 1.626000, 4.276057
1.292000, 1.622000, 4.502949
1.292000, 1.625000, 4.764749
1.292000, 1.623000, 4.852015
1.291000, 1.624000, 5.113815
1.291000, 1.625000, 5.270894
1.292000, 1.623000, 5.532694
1.293000, 1.622000, 5.759587
1.294000, 1.622000, 6.003933
1.295000, 1.622000, 6.213372
1.296000, 1.622000, 0.104720
1.296000, 1.622000, 0.296706
1.295000, 1.621000, 0.488692
1.296000, 1.621000, 0.645772
1.294000, 1.619000, 0.872665
1.292000, 1.617000, 1.064651
1.292000, 1.618000, 1.291544
1.292000, 1.618000, 1.500983
1.292000, 1.619000, 1.658063
1.292000, 1.619000, 1.867502
1.293000, 1.618000, 2.094395
1.292000, 1.619000, 2.111848
1.292000, 1.619000, 2.111848
1.292000, 1.619000, 2.111848
1.292000, 1.619000, 2.111848
1.292000, 1.619000, 2.111848
1.292000, 1.619000, 2.129302
1.293000, 1.618000, 2.251475
1.295000, 1.615000, 2.391101
1.290000, 1.620000, 2.513274
1.260000, 1.638000, 2.670354
1.213000, 1.659000, 2.757620
1.157000, 1.682000, 2.757620
1.061000, 1.720000, 2.757620
1.020000, 1.737000, 2.722714
1.002000, 1.746000, 2.705260
0.920000, 1.783000, 2.722714
0.814000, 1.828000, 2.775074
0.791000, 1.837000, 2.740167
0.798000, 1.833000, 2.757620
0.798000, 1.833000, 2.897247
0.801000, 1.833000, 3.106686
0.801000, 1.833000, 3.298672
0.802000, 1.833000, 3.490659
0.805000, 1.834000, 3.665191
0.803000, 1.833000, 3.857178
0.805000, 1.835000, 4.084070
0.808000, 1.840000, 4.293510
0.808000, 1.841000, 4.485496
0.808000, 1.836000, 4.677482
0.808000, 1.834000, 4.869469
0.808000, 1.835000, 5.096361
0.808000, 1.835000, 5.323254
0.807000, 1.836000, 5.497787
0.807000, 1.836000, 5.707227
0.809000, 1.835000, 5.916666
0.812000, 1.835000, 6.126106
0.813000, 1.834000, 0.087266
0.813000, 1.834000, 0.279253
0.811000, 1.834000, 0.418879
0.809000, 1.833000, 0.610865
0.808000, 1.832000, 0.785398
0.809000, 1.832000, 1.012291
0.808000, 1.831000, 1.221730
0.808000, 1.827000, 1.431170
0.807000, 1.827000, 1.623156
0.807000, 1.828000, 1.832596
0.807000, 1.828000, 2.042035
0.805000, 1.831000, 2.234021
0.804000, 1.833000, 2.460914
0.804000, 1.833000, 2.652900
0.801000, 1.833000, 3.036873
0.796000, 1.834000, 3.036873
0.781000, 1.835000, 3.106686
0.752000, 1.835000, 3.228859
0.725000, 1.832000, 3.281219
0.686000, 1.823000, 3.351032
0.634000, 1.811000, 3.403392
0.567000, 1.793000, 3.403392
0.495000, 1.775000, 3.385939
0.456000, 1.765000, 3.385939
0.440000, 1.760000, 3.385939
0.406000, 1.750000, 3.420845
0.377000, 1.739000, 3.438299
0.356000, 1.731000, 3.455752
0.321000, 1.719000, 3.473205
0.299000, 1.710000, 3.473205
0.296000, 1.709000, 3.473205
0.282000, 1.704000, 3.455752
0.273000, 1.700000, 3.438299
0.262000, 1.697000, 3.420845
0.254000, 1.695000, 3.420845
0.244000, 1.692000, 3.403392
0.239000, 1.690000, 3.490659
0.231000, 1.687000, 3.647738
0.233000, 1.688000, 3.839724
0.236000, 1.691000, 4.084070
0.236000, 1.691000, 4.241150
0.236000, 1.691000, 4.468043
0.236000, 1.692000, 4.694936
0.236000, 1.693000, 4.886922
0.237000, 1.690000, 5.113815
0.239000, 1.686000, 5.323254
0.239000, 1.685000, 5.497787
0.241000, 1.683000, 5.759587
0.239000, 1.684000, 5.899213
0.237000, 1.685000, 6.091199
0.234000, 1.685000, 0.017453
0.233000, 1.685000, 0.209440
0.235000, 1.686000, 0.349066
0.236000, 1.686000, 0.680678
0.232000, 1.683000, 0.820305
0.235000, 1.687000, 1.064651
0.235000, 1.685000, 1.274090
0.235000, 1.685000, 1.466077
0.235000, 1.685000, 1.692969
0.234000, 1.688000, 1.902409
0.234000, 1.688000, 2.094395
0.235000, 1.686000, 2.303835
0.233000, 1.688000, 2.513274
0.232000, 1.688000, 2.705260
0.232000, 1.688000, 2.897247
0.235000, 1.688000, 3.054326
0.238000, 1.688000, 3.281219
0.243000, 1.689000, 3.560472
0.243000, 1.689000, 3.560472
0.223000, 1.680000, 3.647738
0.192000, 1.662000, 3.735005
0.170000, 1.647000, 3.787364
0.123000, 1.607000, 3.909538
0.080000, 1.565000, 3.909538
0.030000, 1.518000, 3.909538
-0.064000, 1.428000, 3.892084
-0.099000, 1.396000, 3.874631
-0.109000, 1.386000, 3.874631
-0.120000, 1.377000, 3.874631
-0.137000, 1.362000, 3.874631
-0.147000, 1.353000, 3.874631
-0.154000, 1.346000, 3.892084
-0.162000, 1.338000, 3.892084
-0.165000, 1.336000, 3.892084
-0.173000, 1.328000, 3.892084
-0.179000, 1.322000, 3.944444
-0.188000, 1.312000, 4.101524
-0.193000, 1.304000, 4.310963
-0.191000, 1.311000, 4.537856
-0.191000, 1.314000, 4.729842
-0.190000, 1.312000, 5.009095
-0.189000, 1.309000, 5.201081
-0.188000, 1.308000, 5.375614
-0.189000, 1.308000, 5.619960
-0.190000, 1.309000, 5.794493
-0.192000, 1.310000, 5.969026
-0.197000, 1.311000, 6.178466
-0.198000, 1.311000, 0.104720
-0.198000, 1.311000, 0.349066
-0.198000, 1.311000, 0.506145
-0.199000, 1.311000, 0.698132
-0.200000, 1.310000, 0.907571
-0.198000, 1.314000, 1.151917
-0.198000, 1.314000, 1.361357
-0.198000, 1.314000, 1.570796
-0.198000, 1.316000, 1.762783
-0.198000, 1.316000, 2.007129
-0.199000, 1.319000, 2.181662
-0.199000, 1.320000, 2.391101
-0.199000, 1.320000, 2.583087
-0.198000, 1.319000, 2.757620
-0.194000, 1.318000, 2.949606
-0.192000, 1.318000, 3.159046
-0.191000, 1.318000, 3.351032
-0.191000, 1.318000, 3.560472
-0.191000, 1.317000, 3.752458
-0.192000, 1.316000, 4.101524
-0.192000, 1.316000, 4.118977
-0.194000, 1.313000, 4.153884
-0.197000, 1.307000, 4.223697
-0.198000, 1.305000, 4.223697
-0.198000, 1.305000, 4.223697
-0.198000, 1.305000, 4.223697
-0.198000, 1.305000, 4.241150
-0.199000, 1.304000, 4.293510
-0.201000, 1.299000, 4.398230
-0.206000, 1.280000, 4.520403
-0.212000, 1.242000, 4.642576
-0.213000, 1.198000, 4.712389
-0.213000, 1.106000, 4.729842
-0.213000, 1.008000, 4.642576
-0.216000, 0.981000, 4.625123
-0.219000, 0.951000, 4.642576
-0.223000, 0.907000, 4.642576
-0.225000, 0.884000, 4.660029
-0.225000, 0.869000, 4.677482
-0.226000, 0.845000, 4.694936
-0.226000, 0.817000, 4.729842
-0.226000, 0.793000, 4.747296
-0.226000, 0.771000, 4.747296
-0.225000, 0.758000, 4.729842
-0.225000, 0.753000, 4.729842
-0.225000, 0.742000, 4.782202
-0.223000, 0.730000, 4.939282
-0.223000, 0.731000, 5.131268
-0.226000, 0.737000, 5.323254
-0.229000, 0.740000, 5.497787
-0.230000, 0.741000, 5.707227
-0.232000, 0.742000, 5.916666
-0.230000, 0.742000, 6.108652
-0.230000, 0.742000, 0.017453
-0.230000, 0.742000, 0.226893
-0.229000, 0.742000, 0.418879
-0.229000, 0.742000, 0.645772
-0.228000, 0.743000, 0.837758
-0.227000, 0.744000, 1.064651
-0.226000, 0.747000, 1.256637
-0.225000, 0.750000, 1.448623
-0.225000, 0.753000, 1.675516
-0.225000, 0.754000, 1.850049
-0.225000, 0.753000, 2.042035
-0.223000, 0.750000, 2.251475
-0.221000, 0.748000, 2.408554
-0.218000, 0.746000, 2.652900
-0.217000, 0.746000, 2.844887
-0.217000, 0.746000, 3.036873
-0.216000, 0.746000, 3.263766
-0.216000, 0.745000, 3.473205
-0.216000, 0.745000, 3.682645
-0.218000, 0.744000, 3.874631
-0.218000, 0.744000, 4.084070
-0.217000, 0.744000, 4.276057
-0.218000, 0.742000, 4.468043
-0.218000, 0.742000, 4.677482
-0.218000, 0.743000, 5.078908
-0.212000, 0.727000, 5.113815
-0.177000, 0.650000, 5.166175
-0.155000, 0.604000, 5.078908
-0.149000, 0.591000, 5.096361
-0.133000, 0.549000, 5.061455
-0.117000, 0.503000, 5.026548
-0.106000, 0.472000, 5.009095
-0.094000, 0.437000, 4.974188
-0.082000, 0.399000, 4.956735
-0.072000, 0.364000, 4.939282
-0.064000, 0.333000, 4.939282
-0.056000, 0.301000, 4.921828
-0.051000, 0.278000, 4.904375
-0.048000, 0.267000, 4.904375
-0.045000, 0.253000, 4.904375
-0.040000, 0.234000, 4.904375
-0.038000, 0.224000, 4.886922
-0.037000, 0.219000, 4.886922
-0.036000, 0.212000, 4.886922
-0.034000, 0.201000, 4.886922
-0.032000, 0.191000, 4.886922
-0.030000, 0.183000, 5.009095
-0.029000, 0.180000, 5.166175
-0.030000, 0.181000, 5.358161
-0.035000, 0.187000, 5.602507
-0.037000, 0.188000, 5.829400
-0.037000, 0.188000, 6.003933
-0.037000, 0.188000, 6.178466
-0.036000, 0.188000, 0.139626
-0.035000, 0.188000, 0.366519
-0.033000, 0.189000, 0.523599
-0.033000, 0.189000, 0.750492
-0.032000, 0.190000, 0.959931
-0.030000, 0.194000, 1.221730
-0.030000, 0.193000, 1.413717
-0.030000, 0.196000, 1.570796
-0.030000, 0.195000, 1.762783
-0.029000, 0.192000, 1.919862
-0.028000, 0.189000, 2.094395
-0.028000, 0.189000, 2.321288
-0.029000, 0.190000, 2.495821
-0.030000, 0.190000, 2.757620
-0.027000, 0.190000, 2.967060
-0.029000, 0.190000, 3.176499
-0.030000, 0.190000, 3.403392
-0.030000, 0.190000, 3.595378
-0.032000, 0.189000, 3.804818
-0.033000, 0.188000, 4.031711
-0.034000, 0.185000, 4.223697
-0.035000, 0.186000, 4.433136
-0.035000, 0.186000, 4.625123
-0.035000, 0.187000, 4.799655
-0.036000, 0.195000, 5.026548
-0.036000, 0.193000, 5.026548
-0.030000, 0.177000, 5.026548
-0.022000, 0.154000, 5.009095
-0.014000, 0.133000, 5.026548
-0.007000, 0.114000, 4.974188
-0.002000, 0.102000, 4.956735
0.001000, 0.090000, 4.939282
0.005000, 0.077000, 4.904375
0.008000, 0.064000, 4.886922
0.011000, 0.049000, 4.869469
0.014000, 0.034000, 4.834562
0.016000, 0.021000, 4.817109
0.017000, 0.009000, 4.799655
0.018000, -0.005000, 4.782202
0.020000, -0.021000, 4.764749
0.021000, -0.036000, 4.782202
0.022000, -0.058000, 4.764749
0.023000, -0.068000, 4.834562
0.024000, -0.072000, 4.991642
0.026000, -0.076000, 5.218534
0.024000, -0.074000, 5.410521
0.020000, -0.070000, 5.637413
0.019000, -0.069000, 5.829400
0.018000, -0.068000, 6.038839
0.017000, -0.068000, 6.230825
0.016000, -0.068000, 0.104720
0.013000, -0.068000, 0.331613
0.012000, -0.068000, 0.506145
0.013000, -0.068000, 0.715585
0.012000, -0.069000, 0.907571
0.014000, -0.066000, 1.117011
0.014000, -0.068000, 1.308997
0.014000, -0.067000, 1.518436
0.014000, -0.065000, 1.727876
0.014000, -0.064000, 1.937315
0.013000, -0.063000, 2.164208
0.012000, -0.061000, 2.373648
0.009000, -0.059000, 2.583087
0.009000, -0.059000, 2.757620
0.010000, -0.059000, 2.967060
0.011000, -0.059000, 3.124139
0.014000, -0.059000, 3.333579
0.017000, -0.059000, 3.543018
0.017000, -0.058000, 3.735005
0.017000, -0.058000, 3.926991
0.017000, -0.058000, 4.118977
0.017000, -0.059000, 4.345870
0.017000, -0.059000, 4.555309
0.017000, -0.062000, 4.764749
0.017000, -0.062000, 4.956735
0.017000, -0.063000, 4.904375
0.017000, -0.064000, 4.607669
0.015000, -0.072000, 4.328417
0.018000, -0.065000, 4.171337
0.013000, -0.071000, 3.979351
0.012000, -0.073000, 3.944444
0.013000, -0.072000, 3.822271
0.012000, -0.072000, 3.735005
-0.003000, -0.082000, 3.630285
-0.033000, -0.094000, 3.525565
-0.102000, -0.118000, 3.455752
-0.183000, -0.145000, 3.455752
-0.281000, -0.177000, 3.473205
-0.349000, -0.202000, 3.490659
-0.381000, -0.215000, 3.473205
-0.402000, -0.223000, 3.455752
-0.427000, -0.232000, 3.455752
-0.450000, -0.241000, 3.438299
-0.463000, -0.246000, 3.438299
-0.475000, -0.251000, 3.438299
-0.483000, -0.253000, 3.438299
-0.489000, -0.255000, 3.438299
-0.491000, -0.256000, 3.438299
-0.492000, -0.256000, 3.420845
-0.500000, -0.258000, 3.403392
-0.512000, -0.261000, 3.385939
-0.521000, -0.264000, 3.420845
-0.526000, -0.265000, 3.525565
-0.528000, -0.266000, 3.700098
-0.528000, -0.266000, 3.944444
-0.525000, -0.263000, 4.188790
-0.525000, -0.263000, 4.345870
-0.525000, -0.263000, 4.502949
-0.525000, -0.263000, 4.747296
-0.525000, -0.263000, 4.991642
-0.525000, -0.263000, 5.166175
-0.525000, -0.263000, 5.393067
-0.524000, -0.264000, 5.585054
-0.524000, -0.264000, 5.811946
-0.525000, -0.264000, 5.986479
-0.529000, -0.263000, 6.195919
-0.529000, -0.263000, 0.104720
-0.528000, -0.263000, 0.244346
-0.528000, -0.263000, 0.453786
-0.528000, -0.263000, 0.663225
-0.528000, -0.263000, 0.855211
-0.526000, -0.259000, 1.134464
-0.524000, -0.254000, 1.308997
-0.524000, -0.253000, 1.518436
-0.524000, -0.253000, 1.727876
-0.524000, -0.253000, 1.902409
-0.524000, -0.253000, 2.094395
-0.524000, -0.253000, 2.286381
-0.523000, -0.253000, 2.495821
-0.520000, -0.255000, 2.722714
-0.518000, -0.256000, 2.932153
-0.515000, -0.256000, 3.159046
-0.516000, -0.256000, 3.333579
-0.515000, -0.256000, 3.630285
-0.516000, -0.256000, 3.595378
-0.519000, -0.259000, 3.019420
-0.506000, -0.264000, 2.303835
-0.518000, -0.248000, 1.937315
-0.519000, -0.243000, 1.640609
-0.519000, -0.250000, 1.361357
-0.520000, -0.250000, 1.221730
-0.519000, -0.247000, 1.064651
-0.519000, -0.247000, 0.959931
-0.519000, -0.247000, 0.907571
-0.515000, -0.243000, 0.785398
-0.497000, -0.227000, 0.645772
-0.473000, -0.212000, 0.558505
-0.420000, -0.181000, 0.523599
-0.332000, -0.130000, 0.523599
-0.254000, -0.081000, 0.541052
-0.202000, -0.050000, 0.541052
-0.187000, -0.040000, 0.541052
-0.161000, -0.025000, 0.523599
-0.132000, -0.009000, 0.523599
-0.117000, 0.002000, 0.506145
-0.098000, 0.014000, 0.488692
-0.082000, 0.024000, 0.471239
-0.071000, 0.030000, 0.471239
-0.060000, 0.036000, 0.453786
-0.048000, 0.042000, 0.436332
-0.038000, 0.047000, 0.436332
-0.024000, 0.055000, 0.558505
-0.021000, 0.057000, 0.698132
-0.020000, 0.058000, 0.907571
-0.021000, 0.057000, 1.117011
-0.021000, 0.054000, 1.361357
-0.021000, 0.055000, 1.570796
-0.022000, 0.058000, 1.780236
-0.022000, 0.059000, 1.989675
-0.022000, 0.060000, 2.129302
-0.021000, 0.058000, 2.303835
-0.019000, 0.056000, 2.513274
-0.017000, 0.055000, 2.687807
-0.018000, 0.055000, 2.967060
-0.018000, 0.055000, 3.159046
-0.018000, 0.055000, 3.368485
-0.016000, 0.055000, 3.577925
-0.019000, 0.054000, 3.717551
-0.021000, 0.052000, 3.944444
-0.021000, 0.052000, 4.136430
-0.021000, 0.053000, 4.328417
-0.020000, 0.055000, 4.607669
-0.020000, 0.051000, 4.799655
-0.021000, 0.054000, 5.026548
-0.021000, 0.055000, 5.218534
-0.021000, 0.055000, 5.358161
-0.024000, 0.058000, 5.567600
-0.026000, 0.060000, 5.742133
-0.026000, 0.060000, 5.934119
-0.027000, 0.060000, 6.178466
-0.028000, 0.060000, 0.104720
-0.029000, 0.060000, 0.314159
-0.026000, 0.061000, 0.488692
-0.024000, 0.063000, 0.837758
-0.019000, 0.069000, 1.117011
-0.017000, 0.056000, 2.024582
-0.020000, 0.060000, 2.338741
-0.027000, 0.067000, 2.548181
-0.024000, 0.066000, 2.792527
-0.019000, 0.064000, 2.984513
-0.020000, 0.064000, 3.071779
-0.020000, 0.064000, 3.176499
-0.020000, 0.064000, 3.298672
-0.023000, 0.064000, 3.403392
-0.047000, 0.055000, 3.508112
-0.094000, 0.034000, 3.612832
-0.141000, 0.009000, 3.647738
-0.238000, -0.045000, 3.647738
-0.309000, -0.085000, 3.630285
-0.339000, -0.101000, 3.630285
-0.423000, -0.145000, 3.630285
-0.472000, -0.173000, 3.630285
-0.475000, -0.174000, 3.630285
-0.487000, -0.181000, 3.630285
-0.505000, -0.192000, 3.612832
-0.512000, -0.196000, 3.630285
-0.516000, -0.198000, 3.665191
-0.522000, -0.202000, 3.822271
-0.522000, -0.202000, 4.031711
-0.521000, -0.199000, 4.293510
-0.521000, -0.198000, 4.415683
-0.520000, -0.197000, 4.660029
-0.520000, -0.196000, 4.834562
-0.520000, -0.193000, 5.061455
-0.521000, -0.190000, 5.218534
-0.522000, -0.190000, 5.410521
-0.523000, -0.189000, 5.619960
-0.523000, -0.189000, 5.864306
-0.522000, -0.189000, 6.073746
-0.522000, -0.189000, 6.265732
-0.521000, -0.189000, 0.191986
-0.520000, -0.189000, 0.366519
-0.518000, -0.188000, 0.523599
-0.516000, -0.187000, 0.733038
-0.516000, -0.187000, 0.977384
-0.515000, -0.184000, 1.221730
-0.514000, -0.183000, 1.413717
-0.514000, -0.181000, 1.605703
-0.514000, -0.182000, 1.797689
-0.513000, -0.186000, 1.989675
-0.512000, -0.187000, 2.129302
-0.510000, -0.189000, 2.408554
-0.510000, -0.189000, 2.600541
-0.510000, -0.189000, 2.792527
-0.510000, -0.189000, 3.019420
-0.510000, -0.189000, 3.211406
-0.511000, -0.189000, 3.438299
-0.515000, -0.191000, 3.822271
-0.515000, -0.191000, 3.822271
-0.528000, -0.202000, 3.822271
-0.568000, -0.238000, 3.926991
-0.597000, -0.269000, 3.961897
-0.625000, -0.299000, 3.979351
-0.673000, -0.351000, 3.996804
-0.701000, -0.382000, 4.014257
-0.726000, -0.412000, 4.014257
-0.759000, -0.452000, 4.031711
-0.780000, -0.478000, 4.049164
-0.796000, -0.500000, 4.049164
-0.825000, -0.538000, 4.066617
-0.835000, -0.553000, 4.084070
-0.847000, -0.569000, 4.084070
-0.863000, -0.592000, 4.084070
-0.878000, -0.613000, 4.101524
-0.880000, -0.617000, 4.101524
-0.883000, -0.621000, 4.223697
-0.886000, -0.628000, 4.450590
-0.886000, -0.623000, 4.660029
-0.886000, -0.617000, 4.817109
-0.886000, -0.614000, 5.009095
-0.886000, -0.615000, 5.218534
-0.886000, -0.615000, 5.393067
-0.885000, -0.615000, 5.602507
-0.886000, -0.615000, 5.811946
-0.884000, -0.615000, 6.056293
-0.882000, -0.615000, 6.265732
-0.881000, -0.615000, 0.174533
-0.879000, -0.615000, 0.383972
-0.879000, -0.615000, 0.610865
-0.874000, -0.611000, 0.820305
-0.872000, -0.608000, 1.012291
-0.872000, -0.608000, 1.239184
-0.872000, -0.609000, 1.396263
-0.872000, -0.612000, 1.588250
-0.872000, -0.614000, 1.780236
-0.872000, -0.614000, 1.972222
-0.871000, -0.616000, 2.199115
-0.871000, -0.616000, 2.373648
-0.869000, -0.617000, 2.617994
-0.868000, -0.618000, 2.844887
-0.871000, -0.618000, 3.036873
-0.870000, -0.618000, 3.246312
-0.870000, -0.618000, 3.438299
-0.869000, -0.617000, 3.647738
-0.870000, -0.618000, 3.857178
-0.871000, -0.619000, 4.066617
-0.871000, -0.618000, 4.276057
-0.871000, -0.618000, 4.310963
-0.870000, -0.617000, 4.415683
-0.870000, -0.616000, 4.502949
-0.872000, -0.631000, 4.590216
-0.875000, -0.661000, 4.660029
-0.875000, -0.703000, 4.747296
-0.872000, -0.747000, 4.834562
-0.860000, -0.827000, 4.869469
-0.846000, -0.918000, 4.817109
-0.844000, -0.933000, 4.799655
-0.841000, -0.970000, 4.782202
-0.835000, -1.032000, 4.782202
-0.832000, -1.069000, 4.782202
-0.831000, -1.082000, 4.782202
-0.829000, -1.098000, 4.782202
-0.828000, -1.120000, 4.764749
-0.827000, -1.133000, 4.747296
-0.827000, -1.145000, 4.747296
-0.826000, -1.155000, 4.747296
-0.826000, -1.160000, 4.782202
-0.825000, -1.171000, 4.921828
